parcelid,bathroomcnt,bedroomcnt,lotsizesquarefeet,finishedSqFt,latitude,longitude,lotsizesquarefeet,yearbuilt,LastSoldPrice
10754147,0,0,85768,,34144442,-118654084,85768,,9
10759547,0,0,4083,,34140430,-118625364,4083,,27516
10843547,0,0,63085,73026,33989359,-118394633,63085,,1413387
10859147,0,0,7521,5068,34148863,-118437206,7521,1948,1156834
10879947,0,0,8512,1776,34194168,-118385816,8512,1947,433491
10898347,0,0,2500,2400,34171873,-118380906,2500,1943,283315
10933547,0,0,,,34131929,-118351474,,,554573
10940747,0,0,5333,3611,34171345,-118314900,5333,1946,688486
10954547,0,0,145865,,34218210,-118331311,145865,,9
10976347,0,0,7494,3754,34289776,-118432085,7494,1978,261201
11073947,0,0,3423,2470,34265214,-118520217,3423,1958,430208
11114347,0,0,81293,,34447747,-118565056,81293,,9
11116947,0,0,6286,,34465048,-118568166,6286,,171200
11142747,0,0,,,34416889,-118505805,,,4265
11193347,0,0,11975,,34585014,-118162010,11975,,10
11215747,0,0,9403,,34563376,-118019104,9403,,10
11229347,0,0,3817,,34526913,-118050581,3817,,2077
11287347,0,0,8856,2760,34690736,-118135225,8856,1949,62424
11288547,0,0,46526,4000,34733960,-118139298,46526,1956,102385
11324547,2,4,9826,3633,34560018,-118169806,9826,2005,291973
11391347,0,0,8050,4053,33986910,-118329553,8050,1957,503752
11395747,0,0,2904,1442,33960238,-118319986,2904,,49928
11404347,0,0,1821,1936,33959896,-118350438,1821,1939,231720
11405747,0,0,5231,1606,33952952,-118361711,5231,1926,181667
11417147,0,0,5934,2820,33931500,-118352104,5934,1938,133717
11457547,0,0,500,,33961232,-118385376,500,,124
11488147,4,5,4990,2865,33879216,-118361434,4990,1972,818739
11520747,0,0,10437,6790,34016768,-118408671,10437,1955,786584
11524947,2,2,40247,1090,33974100,-118423000,40247,2004,352198
11544747,4,3,,1620,33996200,-118438000,,2011,835036
11579347,0,0,5010,3170,34047254,-118490143,5010,1955,528621
11585547,2,3,6490,2077,34012977,-118479243,6490,1926,637046
11588747,3,3,6763,2019,34003621,-118477513,6763,,1410000
11592147,0,0,,28667,34021478,-118495171,,1958,2.54E+07
11609547,0,0,5500,5610,34043579,-118420247,5500,1929,236380
11617547,3,2,,2735,34059700,-118439000,,2010,2878212
11660547,0,0,,,34061789,-118490569,,,6629148
11681747,0,0,2902,,34078805,-118685815,2902,,15299
11698747,0,0,17015,18629,33989166,-118352009,17015,1949,1295374
11704347,0,0,7484,1781,33997099,-118308380,7484,1934,99589
11732547,0,0,9410,4320,34040347,-118284504,9410,1925,258557
11742147,0,0,3928,,34048500,-118351405,3928,,286462
11751547,0,0,6163,1012,34059275,-118343860,6163,1936,1178301
11759947,2,4,5420,1931,33990297,-118275168,5420,1957,221244
11780147,0,0,,,34046011,-118261452,,,302423
11780347,0,0,,,34046011,-118261452,,,870573
11781947,0,0,19283,,34053742,-118277178,19283,1920,497257
11808747,0,0,4676,2427,34078681,-118213803,4676,1937,380000
11817747,0,0,2749,2718,34090024,-118162665,2749,1962,327880
11818747,0,0,5875,,34072919,-118164004,5875,,11009
11823747,0,0,4995,3230,34048938,-118192806,4995,1927,94118
11824947,0,0,5279,2086,34040253,-118188151,5279,1908,364299
11825347,0,0,9132,4355,34033519,-118185231,9132,1957,554292
11828947,0,0,5163,4567,34028416,-118191127,5163,1909,55024
11829547,0,0,7165,2156,34024226,-118188022,7165,1959,338633
11852147,0,0,2555,3159,34021350,-118130571,2555,1955,72165
11900147,0,0,4022,6150,34096844,-118107664,4022,1916,400448
11918747,0,0,117792,1045,34081400,-118085000,117792,1993,313528
11935747,0,0,2500,,34071672,-118250933,2500,,1808
11936547,0,0,25183,,34067385,-118242805,25183,,120596
11951747,0,0,5173,,34104348,-118254681,5173,,537313
11954547,0,0,4054,1200,34097714,-118248712,4054,1972,5249
11960747,0,0,9099,7323,34117105,-118242371,9099,1960,177232
11978347,0,0,3751,5085,34110288,-118191254,3751,1919,281661
12013147,0,0,976,,34099979,-118341961,976,,25000
12022147,0,0,6057,10152,34090892,-118385831,6057,1936,2070254
12037147,0,0,6348,5482,34102958,-118286134,6348,1942,396431
12060147,0,0,5567,5302,34162542,-118264158,5567,1940,786107
12076747,0,0,9787,,34172392,-118198221,9787,,178495
12077147,0,0,2111,,34170195,-118191644,2111,,2171
12104147,0,0,10004,6200,34148283,-118149156,10004,1924,2571561
12111347,0,0,53507,18348,34144225,-118132334,53507,2006,8283548
12144747,4,4,12843,3086,34111765,-118045669,12843,1950,993913
12167947,0,0,145953,,34202429,-118123203,145953,,378
12168547,0,0,5504,,34192420,-118125270,5504,,34466
12171147,0,0,5927,2098,34171205,-118131784,5927,1929,43809
12188547,0,0,3251,1377,33976720,-118268917,3251,1923,47752
12195547,0,0,5602,2649,33972924,-118288809,5602,1912,152999
12209347,0,0,3000,2440,33955375,-118307766,3000,1947,181354
12211747,0,0,2750,2675,33956700,-118274000,2750,1960,150891
12228547,0,0,,1564,33938538,-118268310,,1935,235000
12254347,0,0,6447,1208,33885660,-118290186,6447,1953,44822
12257147,0,0,91940,,33915785,-118271373,91940,,62374
12310147,0,0,,,33954475,-118183468,,,2.79E+07
12311747,0,0,17595,10030,33943371,-118199640,17595,1985,3784125
12322547,0,0,7936,,33906779,-118177023,7936,,304150
12360147,0,0,2834,3084,33980399,-118206130,2834,1926,265147
12366747,0,0,6369,2029,33975454,-118164470,6369,1944,370250
12371547,0,0,2471,1902,34014159,-118146081,2471,1951,43607
12378747,0,0,5840,1534,34011495,-118115623,5840,1923,274447
12405147,0,0,1163,,33881947,-118064573,1163,,9
12408747,0,0,361,,33878703,-118087837,361,,9
12446947,0,0,3776,2875,33874912,-118168701,3776,1947,200590
12476147,0,0,6500,,33874476,-118127752,6500,,235614
12508747,3,0,19073,9893,33801943,-118157478,19073,2004,1716511
12537947,0,0,13002,171,33770827,-118156513,13002,1973,6817
12549947,0,0,601,,33779270,-118169007,601,,989
12559547,0,0,17359,203,33773611,-118193771,17359,1960,13954
12559747,0,0,8600,8360,33771212,-118191236,8600,2003,1075840
12560547,0,0,88436,20089,33770013,-118192643,88436,1992,1269187
12592347,0,0,,,33824365,-118303282,,,55570
12606547,3,3,22073,2166,33837000,-118347000,22073,2005,659000
12612547,0,0,11168,3725,33795369,-118318560,11168,,578434
12645947,0,0,4386,,33750912,-118284822,4386,,59927
12649147,0,0,4648,,33729436,-118292194,4648,,23448
12665947,0,0,3717,1464,33835697,-118384037,3717,1962,326096
12682747,0,0,6102,2000,33803768,-118349826,6102,1953,491668
12685947,0,0,5774,8444,33799682,-118388346,5774,1952,1072446
12716947,1,3,6021,1244,33953559,-118083855,6021,1950,166927
12757147,2,3,4917,1300,33897134,-118102953,4917,1950,229763
12757947,2,3,5500,1222,33889894,-118100732,5500,1951,286129
12803347,0,0,36740,4880,33980510,-118049973,36740,1969,222657
12835947,0,0,7897,1012,34016009,-117947459,7897,1921,104435
12838747,0,0,22612,7316,34033862,-117948861,22612,1978,1611044
12881347,0,0,8220,,34064241,-117751671,8220,,234519
12996547,0,0,8757,2082,34089943,-118025720,8757,1950,520000
13026147,0,0,,,34143092,-117883804,,,690000
13029947,0,0,63094,43486,34128204,-117874545,63094,1962,3133826
13061547,0,0,157135,,34041235,-117791327,157135,,17648
13113147,0,0,,2652,33984307,-118453193,,,1475668
13113347,0,0,,935,33985192,-118452314,,,326335
13113547,0,0,,1422,33984350,-118452023,,,180370
13114147,0,0,,1120,34680553,-118087153,,1981,
13114347,0,0,,1488,34680553,-118087153,,1978,
13114547,0,0,,1248,34189273,-118545075,,2000,
13114747,0,0,,740,34209694,-118498313,,1961,
13114947,0,0,,912,34044283,-117990464,,1989,
13115147,0,0,,480,34308900,-118461613,,1959,
13115347,0,0,,1344,34276994,-118395527,,1981,
13115547,0,0,,1152,34267763,-118406278,,1970,
13115747,0,0,,2240,34327059,-118465727,,2009,
13115947,0,0,,1716,34327059,-118465727,,2010,
13116147,0,0,,1152,34314483,-118476070,,1984,
13116347,0,0,,1680,34271503,-118467494,,1978,
13116547,0,0,,1040,34245616,-118596393,,1968,
13116747,0,0,,1248,34248085,-118582132,,1972,
13116947,0,0,,1456,34228588,-118592886,,2005,
13117147,0,0,,1196,34233366,-118549198,,2000,
13117347,0,0,,1152,34413580,-118459677,,1970,
13117547,0,0,,1344,34422603,-118490620,,1999,
13117747,0,0,,1484,34422603,-118490620,,2005,
13117947,0,0,,500,34371722,-118558041,,1964,
13118147,0,0,,1120,34410234,-118461971,,1981,
13118347,0,0,,2016,34410234,-118461971,,2006,
13118547,0,0,,1440,34422842,-118424483,,1991,
13118747,0,0,,932,34418546,-118447357,,1983,
13118947,0,0,,1248,34571089,-118065097,,1984,
13119147,0,0,,840,34575492,-118067368,,1982,
13119347,0,0,,800,34561192,-118046994,,1982,
13119547,0,0,,1248,34556011,-118108992,,2000,
13119747,0,0,,1600,34647495,-118231883,,1977,
13119947,0,0,,1248,34760580,-118167523,,1978,
13120147,0,0,,1152,34680513,-118091446,,1995,
13120347,0,0,,1248,34706358,-118101844,,2005,
13120547,0,0,,1248,34707984,-118083448,,2005,
13120747,0,0,,1728,34709046,-118087037,,2003,
13120947,0,0,,960,34702455,-118085622,,1994,
13121147,0,0,,784,34716989,-118109192,,1985,
13121347,0,0,,924,34708502,-118105065,,1986,
13121547,0,0,,920,34708502,-118105065,,1969,
13121747,0,0,,1176,34448823,-118419423,,1992,
13121947,0,0,,1056,34269111,-118463314,,1983,
13122147,0,0,,1440,34007975,-117841778,,1981,
13122347,0,0,,390,33859167,-118367327,,1965,
13122547,0,0,,1440,34351436,-118538253,,1989,
13122747,0,0,,1680,34015545,-118085974,,1981,
13122947,0,0,,1344,34019770,-118789549,,1983,
13123147,0,0,,1344,34007780,-117905626,,1969,
13123347,0,0,,552,34061774,-118075048,,1974,
13123547,0,0,,480,33798094,-118323741,,1978,
13123747,0,0,,2496,34004233,-117850319,,1980,
13123947,0,0,,616,33910911,-118298113,,1986,
13124147,0,0,,1040,33942163,-118171443,,1980,
13124347,0,0,,1296,33906121,-118174218,,1994,
13124547,0,0,,800,33894127,-118177435,,1987,
13124747,0,0,,1008,33900531,-118147274,,1991,
13124947,0,0,,1120,34705741,-118072366,,1967,
13125147,0,0,,800,33767215,-118111307,,1967,
13125347,0,0,,800,33877007,-118310421,,1989,
13125547,0,0,,1440,33867865,-118221492,,1978,
13125747,0,0,,1792,33867865,-118221492,,1978,
13125947,0,0,,1344,33856461,-118083541,,1987,
13126147,0,0,,1056,33829801,-118063545,,1990,
13126347,0,0,,1120,33884149,-118168176,,2002,
13126547,0,0,,1211,33873158,-118187376,,1963,
13126747,0,0,,560,33870913,-118188258,,1981,
13126947,0,0,,720,33887682,-118190625,,1971,
13127147,0,0,,1344,33820454,-118217277,,1981,
13127347,0,0,,1440,33869548,-118262569,,1975,
13127547,0,0,,960,33831074,-118244565,,1997,
13127747,0,0,,1248,33838340,-118265838,,2011,
13127947,0,0,,1040,33869206,-118268576,,1978,
13128147,0,0,,480,33832526,-118283500,,1982,
13128347,0,0,,456,33828543,-118288255,,1990,
13128547,0,0,,960,33809822,-118309254,,1974,
13128747,0,0,,1536,33800045,-118293567,,1972,
13128947,0,0,,960,33781080,-118299618,,1972,
13129147,0,0,,728,33784618,-118250820,,1991,
13129347,0,0,,860,33787905,-118329670,,1980,
13129547,0,0,,1776,33724619,-118326045,,1978,
13129747,0,0,,1392,34052478,-117769754,,1972,
13129947,0,0,,1080,34107015,-117859630,,1997,
13130147,0,0,,1152,33991203,-117892272,,1971,
13130347,0,0,,1744,34238623,-118655270,,1981,
13130547,0,0,,1152,34238428,-118660015,,1983,
13130747,0,0,,1680,33915599,-118031358,,1991,
13130947,0,0,,432,34061123,-118061149,,1968,
13131147,0,0,,840,34047198,-118013567,,1992,
13131347,0,0,,1792,34031186,-118003857,,1990,
13131547,0,0,,1344,34031186,-118003857,,1971,
13131747,0,0,,1120,33990153,-117881843,,1980,
13131947,0,0,,1344,34110741,-117745979,,1990,
13132147,0,0,,1780,34042184,-117750828,,1989,
13132347,0,0,,784,34106128,-117741572,,1968,
13132547,0,0,,840,34093087,-117758576,,1971,
13132747,0,0,,1440,34104010,-117832104,,1992,
13132947,0,0,,1176,34100336,-117821514,,2006,
13133147,0,0,,1344,34097300,-117830650,,1969,
13133347,0,0,,1440,34114031,-117782191,,1976,
13133547,0,0,,1440,34105887,-117841113,,1971,
13133747,0,0,,960,34104778,-117863530,,1979,
13133947,0,0,,784,34098516,-117909131,,1991,
13134147,0,0,,600,34093048,-117870154,,1986,
13134347,0,0,,960,34140750,-117984895,,1988,
13134547,0,0,,1248,34094771,-118030187,,1972,
13134747,0,0,,960,34113493,-117912914,,1984,
13134947,0,0,,1344,34109389,-117878184,,1968,
13135147,0,0,,1440,34133520,-117879368,,1975,
13135347,0,0,,960,34130178,-117833788,,1981,
13135547,0,0,,1536,34111966,-117755447,,1973,
13135747,0,0,,1776,34115061,-117752634,,1976,
13135947,0,0,,1596,34046387,-117815445,,1999,
13136147,0,0,,1040,34021582,-117915892,,1989,
13136347,0,0,,1512,34024753,-117915266,,1998,
13136547,0,0,,1440,33856782,-118220772,,1982,
13136747,0,0,,1344,33856782,-118220772,,1980,
13136947,0,0,,1440,33856782,-118220772,,1980,
13137147,0,0,,1456,34621824,-118224390,,1999,
13137347,0,0,,1056,34619963,-118221259,,2003,
13137547,0,0,,1120,34619963,-118221259,,1985,
13137747,0,0,,1792,34316857,-118401876,,1989,
13137947,0,0,,1200,34558548,-118109732,,1985,
13138147,0,0,,1152,33930195,-118229419,,1977,
13138347,0,0,,1036,34428643,-118482122,,2002,70000
13138547,0,0,,1311,34429346,-118485725,,1992,77400
13871747,2.5,3,2442,1821,33863685,-117938506,2442,2013,529869
13951347,3.5,4,3510,2684,33748083,-117948108,3510,2014,635302
13963347,2.5,3,3398,2284,33687181,-117753231,3398,2014,920319
14097747,0,0,32281,15341,33800071,-118070627,32281,1981,1598867
14281747,0,0,,,33646579,-117902609,,,649273
14310947,3,4,3663,2642,33659879,-117808611,3663,2013,1401383
14356347,0,0,,,33686633,-117751314,,,933060
14358547,0,0,,,33696485,-117724943,,,1671510
14358747,3,4,4554,2536,33700729,-117727933,4554,2014,994000
14459947,2,2,3856,1970,33525974,-117621817,3856,2013,628108
14460147,0,0,,,33528291,-117624187,,,858628
14514547,0,0,,,33746500,-117925000,,,7498
14515347,0,0,,,33746100,-117909000,,,39814
14518947,0,0,,,33799700,-117990000,,,20255
14527747,0,0,,,33726650,-117808465,,,117794
14591347,0,0,,,33827543,-117994994,,,14674
14609147,0,0,,,33863571,-117939666,,,473260
14618747,3.5,3,,1888,33683239,-117758697,,2014,679800
14633147,0,0,,,33695945,-117729931,,,852990
14636347,2.5,3,,1739,33702604,-117734868,,2012,645869
14639947,3,4,,2245,33905285,-117844108,,2014,630347
14683147,2.5,3,,1777,33706165,-117744016,,2014,664593
14707547,0,0,,,33723568,-118051714,,,162926
14723547,4,4,,2380,33736471,-117755999,,2014,385323
14737547,3,3,,1537,33669079,-117672715,,2014,528814
14748947,0,0,,,33621178,-117879309,,,3699630
14755747,0,0,,,33910143,-117847490,,,730239
14762147,2.5,4,,2522,33634949,-117832340,,2012,578666
17061147,0,0,892544,,34430592,-119158001,892544,,563489
17099147,0,0,7125,3733,34355400,-119060000,7125,1925,525000
17257947,0,0,3750,,34260898,-118671161,3750,,27945
17276347,0,0,7750,3280,34167903,-118834113,7750,1960,91722
17303147,0,0,,1440,34422767,-119291147,,1974,
17303347,0,0,,1368,34429402,-119289053,,1971,
17304947,0,0,,900,34262892,-119240051,,1973,
17306947,0,0,,1344,34164815,-119137948,,1971,
17307347,0,0,,,34192481,-119174775,,1967,
17307547,0,0,,660,34164018,-119149643,,1969,
17308947,0,0,,1248,34196427,-118958804,,1970,
17309547,0,0,,1296,34268764,-118671073,,1975,
17310147,0,0,,,34270215,-118691763,,1968,
17311347,0,0,,1536,34339245,-119075181,,1976,
76914147,4,4,96580,5044,34153915,-118480682,96580,1944,4000000
76914347,1,2,5649,725,34274964,-118437079,5649,1953,37548
76914547,1,1,,693,34410721,-118559634,,1989,176899
76914747,2,4,5063,2143,34659491,-118394593,5063,1984,209415
76914947,0,0,,,33913286,-118376591,,,7636050
76915147,0,0,7491,,34029608,-118388946,7491,,2305418
76916747,2,2,,1018,34087460,-117735338,,1987,125000
163187347,0,0,,,34145441,-118249047,,,
17051828,4,4,120226,4969,34433200,-119303320,120226,1989,2195000
17052152,2,3,19323,1800,34464778,-119197656,19323,1932,783000
17052992,1,2,6900,780,34450686,-119278912,6900,1971,87400
17053038,2,2,4125,1250,34448639,-119277621,4125,1978,229920
17053061,1,2,7500,1404,34450089,-119277534,7500,1950,309132
17053543,2,3,10383,1505,34437502,-119265201,10383,1961,595706
17054185,2,3,13539,1181,34437002,-119293151,13539,1961,60087
17054285,3,4,10752,2025,34438707,-119295720,10752,1961,444166
17054331,2.5,4,8531,1620,34440918,-119293909,8531,1967,363915
17054431,2.5,3,22978,2148,34437618,-119287075,22978,1981,292166
17054492,4,4,60548,2840,34452715,-119266845,60548,1966,601622
17054889,3.5,5,63162,3541,34451218,-119254524,63162,1960,919223
17054981,5,4,42688,3760,34449407,-119254052,42688,1982,859741
17055119,2.5,2,1462,1590,34445300,-119253000,1462,1984,420000
17055279,1,2,6661,1089,34450161,-119246690,6661,1929,192470
17055559,1.5,1,11795,1440,34456617,-119240887,11795,1973,386107
17055582,2.5,2,53579,2468,34460706,-119242372,53579,1995,510100
17055674,4,3,40162,2261,34456013,-119239461,40162,1979,755073
17055743,2,3,7108,1444,34454169,-119237898,7108,1951,429608
17055981,1,2,8982,1116,34453114,-119236028,8982,1957,227929
17056295,2,3,8190,1197,34461036,-119236181,8190,1958,283081
17056441,2,3,9750,1204,34460521,-119233963,9750,1961,420003
17056517,1,2,13825,1411,34442894,-119251297,13825,1947,219191
17057038,1,2,10027,1050,34447734,-119217158,10027,1954,149091
17057769,2,2,23086,1754,34461232,-119180816,23086,1962,840854
17057799,2,3,197651,1638,34454777,-119197226,197651,1989,643767
17057897,1,2,41400,924,34437502,-119136748,41400,1950,227394
17058148,2,3,9000,1023,34411071,-119295022,9000,1956,122060
17058568,1,3,6600,1056,34400519,-119297939,6600,1929,186051
17059050,2,3,8000,1583,34419017,-119296402,8000,1961,458473
17059992,2.5,3,71874,2104,34417202,-119291994,71874,1904,430314
17060107,2,4,24139,2245,34420282,-119280220,24139,1963,170562
17060906,1,3,42140,1529,34384437,-119299057,42140,1940,331723
17061227,2,2,217800,1304,34434330,-119140961,217800,1980,932000
17061468,2,4,5663,1607,34383313,-119069587,5663,1973,205100
17061867,2,3,24402,2266,34371870,-119056755,24402,1987,665444
17063007,2,3,11000,1456,34378340,-118936013,11000,1964,175435
17063769,2,3,6600,1746,34407670,-118915735,6600,1966,293148
17064022,2,3,4680,1396,34405131,-118910954,4680,1935,70218
17064099,3,6,24557,2141,34406451,-118906446,24557,1962,69365
17064252,0,0,15000,2464,34408400,-118923000,15000,1954,273813
17064321,1,2,6766,552,34406149,-118924197,6766,1928,61367
17064919,1,3,6730,1080,34398168,-118927194,6730,1955,185307
17064942,1,3,6728,1080,34397172,-118927384,6728,1955,331000
17067589,0,0,8981,1900,34413587,-118794057,8981,,182579
17067815,1,1,71877,704,34401933,-118805341,71877,1948,245178
17068109,1.5,3,2588,1698,34365693,-119448392,2588,1979,282303
17069169,1,3,5783,1058,34444682,-119249197,5783,1959,183117
17069703,0,0,10020,2808,34370526,-119304482,10020,1961,337829
17069749,0,0,27443,2941,34367300,-119307000,27443,1937,271723
17070219,2,3,5940,1688,34336537,-119291142,5940,1958,280826
17070342,2,3,7550,1066,34337843,-119288514,7550,1958,53864
17071090,2,4,12195,1800,34291735,-119205612,12195,1962,74360
17071573,2.5,3,19752,1963,34296359,-119207632,19752,1965,314435
17071718,2,4,7560,1940,34291597,-119215150,7560,1967,721000
17071879,2,4,11185,1844,34288147,-119223240,11185,1973,693925
17071902,2.5,3,8709,1706,34287968,-119221256,8709,1974,253756
17072099,1,3,7018,1176,34297666,-119295692,7018,1928,146117
17072213,2,3,5650,1379,34293632,-119297088,5650,1935,29492
17072870,1,2,5334,816,34296002,-119294355,5334,1928,261275
17072893,1,3,5523,1019,34295141,-119293927,5523,1952,180287
17073008,1,2,6059,870,34293986,-119292402,6059,1929,171856
17073230,1.5,3,7800,1040,34310440,-119289439,7800,1963,285718
17073299,1,3,6825,996,34310575,-119287116,6825,1963,41728
17073391,2,4,7169,1536,34306420,-119290852,7169,1978,386646
17073537,2,3,6885,1392,34304890,-119290234,6885,1979,188750
17073637,2.5,2,,1263,34304496,-119290378,,1985,157254
17073783,2.5,3,1735,1264,34303597,-119287236,1735,1986,191811
17073829,2.5,3,16830,2162,34301573,-119285757,16830,1988,453597
17073952,2,2,,986,34305600,-119284000,,1989,255000
17074134,2.5,4,21988,2016,34289045,-119199457,21988,1977,148884
17074257,2.5,4,15476,3046,34295949,-119203363,15476,1978,246355
17074479,1,5,6376,1040,34289223,-119294543,6376,1924,142114
17074853,1,2,4666,862,34287536,-119301879,4666,1926,158988
17075400,2,3,,1306,34292168,-119301910,,1981,174530
17075613,2,2,15663,1504,34285818,-119277942,15663,1973,410155
17075728,0,0,5500,1469,34283891,-119276563,5500,1927,846529
17076087,2,3,8059,1144,34282851,-119270437,8059,1957,709000
17076210,3,4,6250,2408,34280009,-119268860,6250,1925,420930
17076371,2,2,,1675,34285792,-119286112,,1981,551889
17076648,1,2,4165,950,34280530,-119286855,4165,1930,450000
17076686,2.5,3,6300,1400,34281343,-119285820,6300,1940,482022
17076853,1,2,9343,1348,34280670,-119272889,9343,1926,77077
17077980,2,3,7031,1475,34282565,-119264698,7031,1944,463588
17078080,1.5,2,11099,1245,34282064,-119263274,11099,1965,58250
17078103,3,3,5631,2597,34281332,-119264174,5631,1948,577471
17078502,1,2,5643,1170,34278012,-119257047,5643,1948,584025
17078624,2,3,5643,1767,34276349,-119258095,5643,1927,404098
17078677,2,3,5643,1314,34276822,-119256790,5643,1941,271011
17078692,0,0,6960,1500,34277432,-119254581,6960,1954,331202
17078783,0,0,12569,2035,34280305,-119260479,12569,1959,123451
17078989,3,5,5984,1527,34274617,-119266237,5984,1944,224957
17079209,2,3,5000,1257,34273903,-119273825,5000,1930,455949
17079308,1,2,5438,889,34272868,-119266896,5438,1939,199265
17079346,1,2,6100,1038,34271590,-119265006,6100,1925,39668
17080022,2,2,6324,1102,34268701,-119258436,6324,1951,500000
17080314,2,4,5600,1293,34266377,-119251723,5600,1955,115883
17080644,2,3,6104,1706,34265569,-119255550,6104,1953,526000
17081456,0,0,3388,2028,34267948,-119274407,3388,1968,422029
17081686,2,3,4000,1465,34264986,-119271421,4000,2005,494223
17082043,1,3,7316,1239,34271079,-119251132,7316,1952,425876
17082157,2,3,7200,1445,34280132,-119248487,7200,1957,442892
17082226,2,3,7586,1766,34280810,-119248015,7586,1956,447586
17082694,2.5,4,14537,3054,34280298,-119230767,14537,1962,620721
17082901,1,2,6798,1026,34276290,-119242263,6798,1948,219085
17083061,4,4,9234,2522,34279494,-119236125,9234,1962,146671
17083414,1.5,4,6412,1763,34271564,-119239362,6412,1956,349124
17084238,2,4,7000,1353,34265771,-119239590,7000,1956,104881
17084291,2.5,4,10318,1737,34270278,-119234926,10318,1958,158259
17084452,2,2,1306,1178,34266077,-119242539,1306,1965,145129
17084552,2,3,1306,1459,34266402,-119241564,1306,1965,287634
17084652,2,2,1306,1178,34265650,-119240759,1306,1965,118682
17084789,1.5,4,7465,2003,34261845,-119267911,7465,1965,215209
17084958,2.5,4,4500,2954,34256757,-119265841,4500,1965,152908
17085127,4,4,4500,3002,34256536,-119264908,4500,,1293527
17085396,0,0,8555,2832,34258958,-119261956,8555,1965,447184
17085833,1,3,3591,1148,34261237,-119269730,3591,1956,56036
17085956,1,2,2831,1241,34259634,-119269373,2831,1953,89706
17085979,1,4,4120,1037,34258409,-119269386,4120,1952,61112
17086025,2.5,3,3658,2472,34257809,-119269683,3658,1999,1194000
17086301,2.5,5,7181,2398,34283056,-119226317,7181,1976,141895
17086439,2,3,7944,1441,34280732,-119222397,7944,1957,68758
17086539,2,3,7638,1380,34281888,-119221495,7638,1962,340740
17086562,2,4,19627,2185,34281811,-119219956,19627,1962,107169
17086769,2,4,9050,1771,34280658,-119218790,9050,1957,329732
17086869,2,3,7723,1373,34277720,-119217518,7723,1957,230910
17086969,3,3,7381,1994,34281207,-119214064,7381,1957,410792
17087338,2,3,12777,1275,34275392,-119223781,12777,1958,367768
17087659,2,3,6181,1285,34272867,-119209956,6181,1960,57016
17088082,2,4,9203,1561,34276556,-119221434,9203,1962,278937
17088174,2,4,3850,1344,34275304,-119218571,3850,1974,391000
17088404,2.5,2,,1399,34269771,-119215034,,1981,130036
17088641,2.5,3,,1429,34269460,-119202935,,1985,338015
17088994,1,2,,777,34272866,-119198911,,1990,239679
17090186,2,3,7271,1638,34293297,-119168911,7271,1965,406285
17090585,2,4,7431,1734,34297112,-119169130,7431,1977,493000
17090869,3,3,8205,2230,34282542,-119189007,8205,1995,628000
17091069,2,3,6000,1766,34285504,-119192525,6000,1995,320292
17091092,2.5,4,6000,1866,34285192,-119191602,6000,1995,585000
17091192,2,4,11500,1581,34271740,-119178217,11500,1964,275463
17091307,2,4,11710,1669,34274024,-119167058,11710,1964,60088
17091430,2.5,5,7275,1718,34275619,-119177647,7275,1964,281767
17091607,3,4,8400,1988,34271680,-119175136,8400,1964,316258
17091730,3.5,5,7056,2470,34270896,-119180781,7056,1965,317363
17092083,3,4,5533,2457,34272451,-119186108,5533,1986,601000
17092710,3,4,6325,2477,34278339,-119193139,6325,1999,534680
17092810,3,4,6105,2048,34277542,-119193355,6105,1998,608000
17092856,2,3,7920,1244,34280679,-119186013,7920,1959,245123
17092956,2,3,7920,1244,34277503,-119185802,7920,1959,253532
17093317,2,4,6159,1550,34277441,-119186801,6159,1963,61682
17093555,3,4,6386,1854,34280424,-119179472,6386,1968,78559
17093655,2,3,6437,1502,34277875,-119177561,6437,1972,252923
17093678,2.5,4,6739,2343,34279050,-119179776,6739,1968,435456
17093778,2.5,5,8886,2083,34279172,-119183740,8886,1968,88590
17093924,2,3,6300,1502,34280827,-119184952,6300,1975,203965
17094047,3,4,6379,2622,34278824,-119176282,6379,1991,535297
17094138,2,3,14810,1556,34285531,-119160781,14810,1960,438590
17094421,2,3,6060,1359,34281607,-119161429,6060,1973,59065
17094444,2,3,7548,1350,34281330,-119163381,7548,1974,86055
17094690,0,0,4509,1140,34277100,-119164000,4509,1984,253000
17094790,2,2,4643,1274,34279684,-119168741,4643,1987,323978
17095833,2.5,4,9103,2170,34296168,-119153520,9103,1994,333244
17096600,2,3,5275,1433,34338452,-119092803,5275,1989,344774
17096764,2,2,7824,1380,34338730,-119084213,7824,1959,56124
17097242,2,3,8450,1331,34360608,-119065780,8450,1954,51273
17097342,1,2,5820,1372,34361422,-119063209,5820,1930,122445
17098189,2,4,6830,1492,34376362,-119064108,6830,1963,258906
17098427,2,3,13045,2136,34369474,-119057018,13045,1961,396427
17098496,2,4,10000,1895,34368347,-119056979,10000,1963,373097
17098688,0,0,6250,1936,34363223,-119054804,6250,1961,84840
17098963,2,3,5885,1146,34360139,-119055706,5885,1984,94582
17099221,1,2,2730,768,34354462,-119055994,2730,1973,185197
17099433,1,3,7417,840,34351569,-119055324,7417,1936,161373
17100192,2,4,8409,1877,34351086,-119089884,8409,1966,455520
17100268,2,3,4121,1381,34343735,-119080682,4121,1986,234634
17100444,2,3,6569,1101,34340801,-119079610,6569,1956,47853
17100490,2,4,6850,1184,34340074,-119080702,6850,1954,47974
17100559,2,3,5196,1197,34341907,-119079090,5196,1993,225477
17100805,2,4,6189,1500,34348239,-119087780,6189,1976,364300
17101256,2,4,7594,1558,34353550,-119070604,7594,1926,274013
17101279,0,0,8610,1978,34353334,-119068130,8610,,350000
17101581,1,3,4900,1319,34354305,-119060131,4900,1890,113006
17101840,0,0,5000,1300,34350637,-119062900,5000,,244812
17101878,0,0,5000,2226,34350504,-119059027,5000,,420000
17102211,2,4,6780,1547,34338062,-119078314,6780,1956,217716
17102429,1.5,2,7400,1554,34354313,-119076405,7400,1965,62914
17102621,2,3,6059,1202,34351625,-119075146,6059,1961,73752
17102697,2.5,3,3762,1541,34348435,-119071334,3762,1987,182140
17102811,1,3,6750,1093,34347059,-119072673,6750,1950,41726
17104267,2.5,3,22020,2256,34246429,-119075276,22020,1961,164110
17104359,3,5,28890,2479,34245975,-119079885,28890,1964,901654
17104528,2.5,4,20800,2419,34252160,-119065478,20800,1966,177260
17104628,3,5,20194,4264,34250741,-119061748,20194,1967,843805
17105313,4.5,5,152896,4002,34284640,-119001951,152896,2001,960894
17105550,3,4,52172,3207,34271805,-118987939,52172,1991,710970
17105754,3.5,5,9407,3770,34239497,-119090265,9407,1999,664968
17106426,1,2,2613,882,34263258,-119221210,2613,1971,140528
17106526,1,2,2613,882,34263183,-119220623,2613,1971,208000
17106626,1,2,2178,882,34262643,-119223263,2178,1971,135862
17106726,1,2,2178,882,34261930,-119220746,2178,1971,208000
17107650,2.5,4,5611,2071,34276838,-119151907,5611,1993,329861
17107796,2.5,4,5174,1721,34276926,-119149716,5174,1998,505000
17108119,2,4,7390,1192,34273394,-119158516,7390,1962,149134
17108219,2,3,5476,1464,34276144,-119154821,5476,1995,482000
17108342,2,2,6000,1274,34275276,-119162139,6000,1987,208603
17108365,2.5,4,6844,1634,34275603,-119161435,6844,1987,304002
17108511,3,4,7462,2510,34270372,-119164761,7462,1977,174968
17108803,2.5,3,4067,1319,34272119,-119159405,4067,1994,269752
17108926,2.5,4,3420,1469,34270722,-119157866,3420,1995,388000
17109097,2,3,1755,1110,34262068,-119175094,1755,1965,225540
17109335,2.5,3,4791,1484,34260236,-119175506,4791,1980,343000
17109581,2,3,6700,1660,34267596,-119166862,6700,1984,323978
17109604,2.5,4,6326,2415,34266578,-119165392,6326,1984,554000
17109704,2,4,6752,1430,34267272,-119179853,6752,1964,263019
17109927,2,4,6043,1618,34259682,-119191842,6043,1966,467000
17110080,2,3,6334,1388,34259438,-119188044,6334,1973,88733
17110449,1.5,3,1527,1182,34263919,-119194216,1527,1976,103605
17110572,1.5,3,1545,1224,34262439,-119192525,1545,1976,206968
17110887,2.5,4,6420,1858,34256165,-119189369,6420,1980,223653
17113479,2,4,6600,1430,34268942,-119175585,6600,1964,58046
17114039,2,2,6000,1047,34254579,-119202962,6000,1985,234776
17114162,2,3,8784,1272,34257288,-119196044,8784,1958,194654
17114793,2,3,6200,1284,34261743,-119208051,6200,1963,427000
17115116,2.5,5,6210,1768,34259451,-119202495,6210,1965,84703
17115392,2,3,2178,1057,34263041,-119197898,2178,1978,151213
17115515,2.5,3,2178,1333,34261519,-119197562,2178,1978,315000
17115684,2,3,3682,1449,34263757,-119209161,3682,1976,270053
17116687,2,3,,1135,34262138,-119217562,,1974,99282
17116787,2,3,,1135,34261168,-119216673,,1974,109732
17117469,2,4,6309,1733,34225441,-119193245,6309,1961,187529
17117960,2,4,7404,1278,34224679,-119185905,7404,1974,144064
17118074,2,3,4791,1431,34227471,-119184914,4791,1975,313311
17118374,2.5,4,6534,2032,34228579,-119190256,6534,1978,173640
17118666,3,5,6760,2723,34233843,-119184921,6760,1989,560240
17118689,2,4,6747,2055,34234911,-119184371,6747,1991,382535
17118812,2,2,,1362,34221375,-119178578,,1990,225540
17118881,2,3,4000,1849,34230394,-119191522,4000,1999,314724
17119334,3,5,9960,3088,34229702,-119187831,9960,1998,395089
17119357,3,5,10996,2384,34234521,-119187105,10996,1996,345524
17119503,2.5,4,7452,1721,34223171,-119183420,7452,1987,413768
17119701,1,3,7200,1216,34226665,-119172035,7200,1952,362000
17119747,1.5,3,6420,1348,34225609,-119174151,6420,1955,45794
17119993,2,3,6016,1166,34220183,-119164128,6016,1962,250822
17120193,2,4,6016,1308,34223133,-119162181,6016,1962,57184
17120316,4,4,9352,1597,34227083,-119166746,9352,1973,102718
17121025,2,4,6777,1430,34241722,-119157268,6777,1955,132627
17121171,2,4,6300,1178,34239155,-119154081,6300,1956,308491
17122226,0,0,35000,3488,34230021,-119166311,35000,1955,390000
17122643,1,1,41759,632,34227135,-119133918,41759,1988,535259
17123393,2.5,5,7380,2224,34239854,-119049704,7380,1970,322163
17123692,2,3,20000,1284,34244160,-119041989,20000,1954,506350
17123876,2,4,7000,1960,34241335,-119033177,7000,1973,84583
17124022,3,4,9887,2600,34242380,-119033922,9887,1976,650735
17124114,3,5,8273,2971,34241990,-119038868,8273,1978,594272
17124214,3,4,9345,2600,34243663,-119034397,9345,1978,212250
17124337,2,4,8848,1999,34237855,-119038455,8848,1981,237947
17124437,2.5,4,,1928,34231774,-119089962,,1997,244697
17124911,4.5,5,55321,5265,34232113,-119098828,55321,1998,1463452
17125561,2,3,9880,2104,34241552,-119030770,9880,1964,504780
17125691,2,4,17940,2404,34246139,-119027708,17940,1961,271682
17125829,2.5,4,10000,2882,34240014,-119024793,10000,1980,289609
17126075,2,2,,945,34245900,-119024000,,1997,68925
17126212,2,3,22327,1980,34248246,-119045209,22327,1976,646000
17126265,1.5,2,66676,1560,34250788,-119040824,66676,1961,104578
17126991,2,3,3920,1496,34223829,-119072641,3920,1975,345000
17127280,2,3,7952,1316,34234795,-119053671,7952,1961,455448
17128017,3,4,9455,2217,34237927,-119059648,9455,1990,488506
17128728,2,3,4180,1058,34215717,-118996641,4180,1978,354952
17129139,2,3,4494,1328,34217515,-118999265,4494,1989,319699
17129305,0,0,4425,1464,34224075,-119011603,4425,1979,138831
17129405,0,0,4245,1536,34224932,-119012897,4245,1978,235590
17130664,1.5,3,11300,2027,34260199,-118999925,11300,1964,337714
17130809,1,4,4500,998,34219641,-119035802,4500,1940,21380
17131342,0,0,7500,2040,34215996,-119041025,7500,1977,261709
17132819,2,3,7200,1344,34223914,-119068543,7200,1957,443000
17132911,2,3,8059,1772,34226842,-119059815,8059,1978,526000
17133783,2,4,8751,1386,34231691,-119043718,8751,1961,352292
17133806,2,4,8240,1386,34231058,-119044833,8240,1961,433216
17133943,2,3,9100,1864,34228629,-119040515,9100,1965,291122
17134043,2,3,7944,1528,34229754,-119041686,7944,1964,444166
17134250,2,3,7100,1500,34232006,-119040508,7100,1968,268540
17134519,2,3,9951,1809,34223825,-119050921,9951,1969,408126
17134680,1.5,3,2829,1673,34223028,-119048634,2829,1967,256973
17134703,1,1,2228,812,34222555,-119048541,2228,1967,190206
17134803,2.5,4,8312,2377,34227269,-119044108,8312,1967,456121
17134926,2.5,5,7602,2632,34229816,-119050224,7602,1971,571086
17135310,2.5,3,1742,1467,34221738,-119047389,1742,1977,211125
17135410,2,3,2178,1244,34219893,-119045197,2178,1975,283072
17135433,2,3,7205,1772,34224849,-119044499,7205,1978,412475
17135556,2,2,3743,1232,34225324,-119039013,3743,1979,177782
17135708,2.5,2,435,1370,34234783,-119042087,435,1980,152230
17135846,2.5,4,7171,2052,34222135,-119043226,7171,1985,544172
17135876,2,4,6598,1306,34230411,-119026514,6598,1960,433000
17135999,2,3,6344,1216,34227500,-119025831,6344,1960,53932
17136099,2,4,8900,1690,34221010,-119031032,8900,1961,81935
17136199,2,4,7000,1390,34222070,-119033587,7000,1962,302972
17136322,2,3,7181,1217,34237884,-119028717,7181,1964,237524
17136345,2,3,7200,1216,34224079,-119033587,7200,1964,375904
17136491,2,3,6700,1391,34236759,-119033769,6700,1964,61103
17136737,2,3,7199,1647,34236649,-119026468,7199,1970,83414
17137359,2,4,7007,1429,34229760,-119030806,7007,1979,425210
17137482,2.5,3,1358,1522,34224531,-119033868,1358,1981,407991
17138066,2,4,9344,1866,34236282,-119015955,9344,1965,344208
17138512,2,4,7232,1754,34231510,-119018607,7232,1970,421645
17138635,2,4,8113,1754,34226559,-119023719,8113,1973,343515
17138758,3.5,4,7701,2572,34233958,-119018494,7701,1976,314424
17138804,3.5,4,7000,2281,34234223,-119023053,7000,1978,339134
17138919,2,2,2178,1185,34217497,-118990922,2178,1978,252132
17139019,2,2,2178,1829,34217132,-118988575,2178,1978,485000
17139142,2,2,2178,1070,34219958,-118984008,2178,1978,255126
17139988,2,3,7405,1292,34226351,-118983853,7405,1979,462594
17140088,3,5,6005,2105,34221337,-118999150,6005,1970,343993
17140211,2,3,2153,1832,34223572,-118990861,2153,1974,304179
17140311,2,3,2153,1498,34223301,-118989946,2153,1974,85590
17140411,2,2,2917,1309,34222573,-118988915,2917,1984,270534
17140434,2,3,2415,1498,34221157,-118989694,2415,1974,87465
17140457,2,2,1570,887,34225569,-118985182,1570,1976,62612
17140557,2,2,1278,887,34223554,-118984948,1278,1974,304000
17140657,2,2,1867,1070,34220885,-118990905,1867,1977,222336
17140757,2,3,2178,1498,34221199,-118995605,2178,1977,218685
17140857,2,2,2613,1108,34219430,-118995652,2613,1977,50308
17141303,2.5,4,8435,2032,34226405,-118992768,8435,1977,131005
17141595,2,3,6341,1582,34232114,-118987576,6341,1983,215452
17141787,2,3,4470,1058,34224087,-119005611,4470,1978,366122
17141887,2,4,6504,1574,34236851,-118990991,6504,1978,296737
17142087,2,3,5860,1281,34225816,-119001327,5860,1979,409716
17142187,2,3,6227,1281,34225236,-118995319,6227,1979,184182
17142410,2,3,6089,1292,34235582,-118993199,6089,1981,293880
17142633,2.5,4,6033,2190,34232069,-118995951,6033,1986,558907
17142856,2,3,6600,1459,34235797,-118985462,6600,1985,521000
17142979,2.5,3,6215,1719,34235365,-118999165,6215,1985,521000
17143647,3,4,4887,1992,34223208,-118998092,4887,1993,357036
17143839,2,3,3967,1325,34227235,-118997299,3967,1994,250201
17144384,3.5,5,27891,3850,34242789,-118968624,27891,2001,1219000
17144430,3,4,25444,2924,34230389,-118982630,25444,1994,1000215
17144980,2,5,6510,2194,34222435,-119197552,6510,1971,322202
17145203,3,4,6969,3143,34220510,-119203201,6969,1987,426661
17145349,2,2,4200,1359,34222584,-119203297,4200,1989,245534
17145572,3.5,4,7097,2624,34224714,-119205931,7097,1989,192724
17145795,2,4,7915,1950,34228568,-119196734,7915,1992,543000
17145918,2,3,8021,1973,34227072,-119209499,8021,1996,308250
17146470,2.5,3,7127,1382,34218611,-119199571,7127,1965,360110
17146762,2,5,6458,1958,34216323,-119201352,6458,1969,390709
17146931,2.5,3,3049,1561,34215883,-119194245,3049,1977,119740
17147031,3,4,7573,2711,34211425,-119201061,7573,1986,348991
17147131,2.5,4,7448,2211,34210553,-119206556,7448,1985,279219
17147446,3,4,7024,2312,34208661,-119194656,7024,1988,390252
17147902,2,3,40040,2052,34202201,-119195210,40040,1935,150719
17148205,2.5,4,9880,2594,34185999,-119206683,9880,1969,477000
17148305,2,3,6242,1197,34182216,-119195250,6242,1960,67400
17148474,2,3,6150,1524,34182885,-119198743,6150,1962,322202
17148620,2,5,6150,1693,34182888,-119199072,6150,1962,68291
17148720,4,4,6000,1845,34183672,-119204223,6000,1962,323855
17148843,2,4,6000,1419,34183730,-119205940,6000,1965,276351
17148943,2.5,3,3385,1523,34194812,-119198166,3385,1983,167639
17149230,2,4,7468,1863,34193898,-119219488,7468,1975,114546
17149307,2,3,6359,1476,34192372,-119217119,6359,1975,197421
17149453,2,3,6001,1414,34192712,-119215652,6001,1976,97774
17149676,1.5,2,1306,1051,34191596,-119209686,1306,1980,252954
17149968,2,2,6187,1441,34193741,-119201835,6187,1982,249453
17150037,2,3,7488,1374,34194574,-119219145,7488,1993,270065
17150260,3,4,6000,2152,34195085,-119201586,6000,1997,429606
17150329,3,5,9100,2440,34194087,-119212692,9100,1999,510160
17150815,2,3,6152,1253,34187109,-119197883,6152,1974,215431
17150915,1.5,2,2178,916,34187214,-119201650,2178,1973,114983
17151138,2.5,3,6709,2112,34189918,-119194707,6709,1984,432000
17151161,3.5,3,14282,2055,34189170,-119194910,14282,1984,291726
17151468,2,4,4894,1588,34183106,-119214710,4894,1969,313526
17151614,2,2,2550,1306,34182397,-119216642,2550,1973,196494
17151737,2,4,7275,1650,34184307,-119213419,7275,1976,205971
17151860,2,4,6000,1599,34189009,-119213285,6000,1974,254775
17152083,2,4,7479,1678,34188735,-119214867,7479,1977,259872
17152804,3,4,2800,2192,34180410,-119227969,2800,1971,110078
17153164,2,4,2800,1804,34181676,-119230419,2800,1976,144693
17153233,2,3,2800,1620,34182247,-119229162,2800,1976,819383
17153386,2,2,,2164,34183494,-119226389,,1992,439502
17154344,2,2,3920,1151,34179349,-119195678,3920,1970,59572
17155205,2,3,4138,1282,34178636,-119203588,4138,1972,307550
17155305,1,2,1742,892,34179551,-119219803,1742,1971,172000
17155428,1,2,1742,856,34180959,-119218107,1742,1971,74554
17155751,1,2,1742,892,34180606,-119214132,1742,1971,120284
17155874,1,2,1742,806,34180065,-119214283,1742,1971,38936
17155974,2,3,2613,1128,34179222,-119204069,2613,1972,149131
17156074,2,3,2613,1196,34180203,-119206220,2613,1977,217000
17156097,1.5,2,2613,1268,34180334,-119204385,2613,1977,125858
17156197,2,2,2178,967,34176209,-119204234,2178,1973,151976
17156466,2,2,3920,1002,34180970,-119207983,3920,1978,275383
17156689,2,2,1552,1255,34180965,-119211661,1552,1986,184936
17156789,2.5,3,1552,1566,34179507,-119213241,1552,1986,320058
162960663,3,4,5296,2442,34177520,-119216381,5296,1989,370206
17157340,3.5,4,4072,2638,34192730,-119241316,4072,2003,983000
17157493,2.5,3,4000,1817,34191296,-119241327,4000,1961,104204
17157638,2,3,4000,1138,34189442,-119238780,4000,1973,595000
17157898,3,3,4148,3076,34185958,-119239719,4148,1988,916760
17157959,2,3,10436,1680,34185076,-119240536,10436,1967,703786
17158112,2,2,1306,918,34194900,-119246000,1306,1976,179336
17158741,2,2,,1369,34180188,-119234100,,1987,342119
17159834,1,2,6500,1094,34210467,-119183175,6500,1949,196548
17160302,2,6,6302,1768,34205243,-119187346,6302,1952,61101
17160540,2,3,6000,1322,34207226,-119178504,6000,1939,45807
17160563,2,2,6500,1272,34206671,-119179403,6500,1941,296787
17160601,0,0,8755,2592,34204721,-119177795,8755,1939,81489
17160647,3,4,11929,3094,34216597,-119178634,11929,1960,461828
17160685,2.5,3,7900,1842,34214651,-119182413,7900,1961,237794
17161014,2,3,6960,1878,34217783,-119186066,6960,1974,443000
17161190,2,2,4856,825,34207111,-119173178,4856,1949,148704
17161236,3,4,4800,1811,34206767,-119171438,4800,1950,95154
17161984,1.5,2,6000,1082,34201817,-119165742,6000,1961,94603
17162450,2,4,4407,1260,34202201,-119160060,4407,1964,90884
17163335,1,2,7000,1102,34196965,-119181788,7000,1908,334000
17163585,1,3,5150,1118,34190487,-119185702,5150,1944,235720
17163837,2,3,6451,1538,34204073,-119193363,6451,1978,253787
17163983,2,3,6003,1358,34191818,-119192629,6003,1981,183688
17164358,2.5,3,,1750,34193979,-119190361,,1993,245904
17164458,2.5,2,,1077,34193241,-119179142,,1992,183327
17164611,2.5,4,6634,1928,34189886,-119193500,6634,1951,312867
17164734,2,5,6167,1871,34186831,-119190997,6167,1951,95882
17164834,1,2,6343,1062,34189055,-119185568,6343,1947,36622
17165992,2,4,6407,1233,34181562,-119186631,6407,1955,245596
17166353,2,3,6600,1071,34182174,-119184228,6600,1958,45809
17166754,2,3,6500,1108,34185078,-119173844,6500,1943,204060
17167052,0,0,6100,1459,34180513,-119171259,6100,1954,55735
17167075,2,3,8000,1384,34182322,-119168919,8000,1959,373000
17167259,2,3,6000,1500,34178998,-119173844,6000,1950,238473
17167359,1,3,6000,1385,34179289,-119169287,6000,1950,268502
17167581,2,3,6100,1264,34175199,-119173730,6100,1954,179336
17167727,2,3,5750,1504,34173915,-119168348,5750,1954,239324
17167750,3,3,6550,1558,34173610,-119170138,6550,1954,345000
17168211,2,3,6000,1502,34171682,-119182286,6000,1955,57377
17168364,2,3,6000,1041,34168089,-119179610,6000,1957,149090
17168648,2,3,6119,1792,34170943,-119193339,6119,1959,55997
17168909,2,3,6479,1729,34167117,-119180492,6479,1959,56658
17169270,2,3,6798,1373,34168306,-119182518,6798,1959,213788
17169408,2,3,6000,1373,34166475,-119184191,6000,1959,50909
17169531,2,3,6120,1128,34178352,-119188630,6120,1960,51256
17169784,2,3,6148,1252,34161294,-119183551,6148,1959,50620
17170729,1,3,2613,1012,34177800,-119192000,2613,1971,119138
17171094,2,3,2450,2200,34150853,-119214664,2450,1940,432169
17171140,2,3,2450,1296,34150384,-119214028,2450,1975,345052
17171163,1,1,2450,371,34149593,-119214350,2450,1953,352663
17171362,2.5,4,2450,1967,34151580,-119216123,2450,1978,139553
17171385,2,2,2450,1139,34151718,-119215251,2450,1970,108647
17171477,2,4,4966,1696,34156121,-119219325,4966,1973,100810
17171546,2.5,3,2450,2220,34154215,-119218974,2450,1980,825000
17171569,3,4,2450,2661,34153898,-119218683,2450,1995,392377
17171592,0,3,2450,2239,34153748,-119218035,2450,1988,390653
17171990,0,0,3922,2208,34161266,-119226018,3922,1948,136596
17172725,2,3,1750,1306,34156958,-119215578,1750,1977,430334
17172771,1,2,2450,680,34159006,-119219123,2450,1955,440347
17173828,2,2,,1286,34143206,-119191746,,1987,223783
17173851,2,4,11396,1848,34153345,-119194015,11396,1952,63741
17173981,1.5,3,6300,1448,34152232,-119190423,6300,1953,282867
17174004,2,3,6032,1536,34154418,-119185735,6032,1953,210283
17174119,2,4,6511,1840,34149898,-119192199,6511,1955,311860
17174287,2,3,6019,1245,34149885,-119188224,6019,1957,48424
17174462,2.5,3,1349,1670,34144519,-119189639,1349,1993,271726
17175198,2,3,1306,968,34144662,-119195600,1306,1973,183320
17175544,2.5,3,2138,1780,34145260,-119198222,2138,1978,423921
17175644,2,2,2178,1198,34171875,-119231054,2178,1974,421513
17175744,2.5,3,2178,1485,34169614,-119229815,2178,1976,531642
17177531,3,5,5610,2336,34209084,-119163233,5610,1998,285580
17179539,1,3,4000,1023,34204434,-119150549,4000,1963,38643
17179760,2,4,4860,1260,34200478,-119156509,4860,1969,61453
17180297,1,3,5700,972,34171626,-119174966,5700,1949,114982
17180389,1,2,5700,779,34170657,-119173845,5700,1949,90464
17180527,1,3,6080,1040,34169544,-119172172,6080,1949,181696
17180673,1.5,3,6050,1635,34169800,-119169512,6050,1957,230706
17181111,2,4,6000,1276,34166492,-119166897,6000,1966,372292
17181287,2,3,6000,1513,34162752,-119168073,6000,1966,325683
17181393,2,4,6400,1180,34174108,-119149608,6400,1963,141323
17181523,2,4,6499,1576,34176543,-119153086,6499,1971,213908
17182107,2,4,6702,1347,34181794,-119151620,6702,1976,360000
17182207,1,2,4356,792,34178971,-119155551,4356,1975,124284
17182276,2,4,7549,1611,34178640,-119158331,7549,1980,240275
17182963,2,3,6091,1197,34169869,-119165821,6091,1969,71055
17183101,2,3,6000,1760,34160557,-119163036,6000,1966,121499
17183147,2,3,6000,1416,34158233,-119161332,6000,1971,199557
17183508,2.5,4,6350,2270,34164774,-119163858,6350,1978,164293
17183608,2.5,4,6350,2550,34165118,-119162698,6350,1978,402836
17184035,0,0,6021,1896,34151900,-119178000,6021,,325166
17184227,1.5,3,6000,1120,34155987,-119173293,6000,1971,49471
17184395,2,4,6261,1576,34152234,-119182226,6261,1982,230614
17184518,2,4,6087,1615,34156453,-119170874,6087,1973,80793
17184910,2,4,6149,1576,34157456,-119170976,6149,1977,182687
17185271,2,3,,1344,34160007,-119173931,,1981,225000
17186063,2,4,6303,1587,34158185,-119154203,6303,1969,152071
17186378,2.5,4,6969,1919,34161339,-119154145,6969,1979,171167
17186401,2.5,3,9654,1768,34172914,-119150814,9654,1979,150069
17186800,3,4,6100,1781,34159714,-119149655,6100,1968,128101
17186946,2,3,6100,1416,34156857,-119149683,6100,1968,267864
17187169,2.5,3,1397,1959,34168454,-119150166,1397,1982,234518
17187246,2,3,3479,1100,34163574,-119144890,3479,1997,185913
17187563,2.5,4,7200,2269,34209918,-119011801,7200,1981,355765
17190110,2,3,1742,1197,34142016,-119186801,1742,1977,223858
17190506,0,0,5526,1440,34202426,-118994977,5526,1972,74867
17190752,2,2,5655,1211,34199163,-118986182,5655,1985,351778
17190944,2,2,6432,1277,34199846,-118977331,6432,1987,390156
17191082,3,3,,1473,34202552,-118982665,,1988,238742
17191182,2.5,2,,1365,34201820,-118984418,,1989,82334
17192024,2.5,3,6519,3042,34189072,-118955036,6519,1979,442977
17192316,3,4,5962,2967,34188262,-118955900,5962,1981,660000
17193454,3.5,4,6288,2391,34171187,-118972132,6288,2000,519215
17193577,4,5,15325,4015,34180799,-118983078,15325,2003,997746
17194069,3,4,11110,3821,34168356,-118987898,11110,2001,959402
